{
   "1": {
      "Time": 0.015624284744262695,
      "Distance": 19,
      "Solution": [
         [
            0,
            3,
            4,
            5
         ],
         [
            0,
            6,
            1,
            2
         ]
      ],
      "IsOptimal": "true"
   },
   "2": {
      "Time": 0.014273405075073242,
      "Distance": 19,
      "Solution": [
         [
            0,
            6,
            4,
            5
         ],
         [
            0,
            3,
            1,
            2
         ]
      ],
      "IsOptimal": "true"
   },
   "3": {
      "Time": 0.01412200927734375,
      "Distance": 19,
      "Solution": [
         [
            0,
            3,
            4,
            5
         ],
         [
            0,
            6,
            1,
            2
         ]
      ],
      "IsOptimal": "true"
   },
   "4": {
      "Time": 0.011226415634155273,
      "Distance": 19,
      "Solution": [
         [
            0,
            6
         ],
         [
            0,
            3,
            1,
            2,
            4,
            5
         ]
      ],
      "IsOptimal": "true"
   }
}