{
   "1": {
      "Time": 0.018912792205810547,
      "Distance": 19,
      "Solution": [
         [
            0,
            3,
            4,
            5
         ],
         [
            0,
            6,
            1,
            2
         ]
      ],
      "IsOptimal": "true"
   },
   "2": {
      "Time": 0.0262448787689209,
      "Distance": 19,
      "Solution": [
         [
            0,
            6,
            4,
            5
         ],
         [
            0,
            3,
            1,
            2
         ]
      ],
      "IsOptimal": "true"
   },
   "3": {
      "Time": 0.031215429306030273,
      "Distance": 19,
      "Solution": [
         [
            0,
            3,
            4,
            5
         ],
         [
            0,
            6,
            1,
            2
         ]
      ],
      "IsOptimal": "true"
   },
   "4": {
      "Time": 0.04958033561706543,
      "Distance": 19,
      "Solution": [
         [
            0,
            6
         ],
         [
            0,
            3,
            1,
            2,
            4,
            5
         ]
      ],
      "IsOptimal": "true"
   }
}