{
   "1": {
      "Time": 0.015773296356201172,
      "Distance": 19,
      "Solution": [
         [
            0,
            3,
            4,
            5
         ],
         [
            0,
            6,
            1,
            2
         ]
      ],
      "IsOptimal": "true"
   },
   "2": {
      "Time": 0.03140449523925781,
      "Distance": 19,
      "Solution": [
         [
            0,
            6,
            4,
            5
         ],
         [
            0,
            3,
            1,
            2
         ]
      ],
      "IsOptimal": "true"
   },
   "3": {
      "Time": 0.0287473201751709,
      "Distance": 19,
      "Solution": [
         [
            0,
            3,
            4,
            5
         ],
         [
            0,
            6,
            1,
            2
         ]
      ],
      "IsOptimal": "true"
   }
}