{
   "1": {
      "Time": 0.02922844886779785,
      "Distance": 348,
      "Solution": [
         [
            0,
            3,
            1,
            4,
            2,
            6,
            5,
            7,
            8,
            9
         ]
      ],
      "IsOptimal": "true"
   },
   "2": {
      "Time": 0.029656410217285156,
      "Distance": 348,
      "Solution": [
         [
            0,
            3,
            1,
            4,
            2,
            6,
            5,
            7,
            8,
            9
         ]
      ],
      "IsOptimal": "true"
   },
   "3": {
      "Time": 0.02080702781677246,
      "Distance": 348,
      "Solution": [
         [
            0,
            3,
            1,
            4,
            2,
            6,
            5,
            7,
            8,
            9
         ]
      ],
      "IsOptimal": "true"
   },
   "4": {
      "Time": 0.014827489852905273,
      "Distance": 348,
      "Solution": [
         [
            0,
            3,
            1,
            4,
            2,
            6,
            5,
            7,
            8,
            9
         ]
      ],
      "IsOptimal": "true"
   }
}