{
   "1": {
      "Time": 0.07330465316772461,
      "Distance": 348,
      "Solution": [
         [
            3,
            1,
            4,
            2,
            6,
            5,
            7,
            8,
            9
         ]
      ],
      "IsOptimal": "true"
   },
   "2": {
      "Time": 0.07526636123657227,
      "Distance": 348,
      "Solution": [
         [
            3,
            1,
            4,
            2,
            6,
            5,
            7,
            8,
            9
         ]
      ],
      "IsOptimal": "true"
   },
   "3": {
      "Time": 0.06043291091918945,
      "Distance": 348,
      "Solution": [
         [
            3,
            1,
            4,
            2,
            6,
            5,
            7,
            8,
            9
         ]
      ],
      "IsOptimal": "true"
   },
   "4": {
      "Time": 0.07308053970336914,
      "Distance": 348,
      "Solution": [
         [
            3,
            1,
            4,
            2,
            6,
            5,
            7,
            8,
            9
         ]
      ],
      "IsOptimal": "true"
   }
}