{
   "1": {
      "Time": 0.060235023498535156,
      "Distance": 28,
      "Solution": [
         [
            2,
            5,
            6
         ],
         [
            1
         ],
         [
            7,
            3,
            4
         ]
      ],
      "IsOptimal": "true"
   },
   "2": {
      "Time": 0.08038544654846191,
      "Distance": 28,
      "Solution": [
         [
            2,
            3,
            4
         ],
         [
            1
         ],
         [
            7,
            5,
            6
         ]
      ],
      "IsOptimal": "true"
   },
   "3": {
      "Time": 0.08589506149291992,
      "Distance": 28,
      "Solution": [
         [
            7,
            5,
            6
         ],
         [
            2,
            3,
            4
         ],
         [
            1
         ]
      ],
      "IsOptimal": "true"
   },
   "4": {
      "Time": 0.10097146034240723,
      "Distance": 28,
      "Solution": [
         [
            2,
            3,
            4
         ],
         [
            7,
            5,
            6
         ],
         [
            1
         ]
      ],
      "IsOptimal": "true"
   }
}