{
   "1": {
      "Time": 0.02226424217224121,
      "Distance": 28,
      "Solution": [
         [
            0,
            2,
            5,
            6
         ],
         [
            0,
            1
         ],
         [
            0,
            7,
            3,
            4
         ]
      ],
      "IsOptimal": "true"
   },
   "2": {
      "Time": 0.048424482345581055,
      "Distance": 28,
      "Solution": [
         [
            0,
            2,
            3,
            4
         ],
         [
            0,
            1
         ],
         [
            0,
            7,
            5,
            6
         ]
      ],
      "IsOptimal": "true"
   },
   "3": {
      "Time": 0.043633222579956055,
      "Distance": 28,
      "Solution": [
         [
            0,
            7,
            5,
            6
         ],
         [
            0,
            2,
            3,
            4
         ],
         [
            0,
            1
         ]
      ],
      "IsOptimal": "true"
   },
   "4": {
      "Time": 0.03073906898498535,
      "Distance": 28,
      "Solution": [
         [
            0,
            2,
            3,
            4
         ],
         [
            0,
            7,
            5,
            6
         ],
         [
            0,
            1
         ]
      ],
      "IsOptimal": "true"
   }
}