{
   "1": {
      "Time": 0.04800915718078613,
      "Distance": 383,
      "Solution": [
         [
            0,
            10,
            1,
            2,
            4,
            3,
            6,
            5,
            7,
            8,
            9
         ]
      ],
      "IsOptimal": "true"
   },
   "2": {
      "Time": 0.08112311363220215,
      "Distance": 383,
      "Solution": [
         [
            0,
            10,
            1,
            2,
            4,
            3,
            6,
            5,
            7,
            8,
            9
         ]
      ],
      "IsOptimal": "true"
   },
   "3": {
      "Time": 0.03147244453430176,
      "Distance": 383,
      "Solution": [
         [
            0,
            10,
            1,
            2,
            4,
            3,
            6,
            5,
            7,
            8,
            9
         ]
      ],
      "IsOptimal": "true"
   },
   "4": {
      "Time": 0.06335306167602539,
      "Distance": 383,
      "Solution": [
         [
            0,
            1,
            10,
            2,
            4,
            3,
            6,
            5,
            7,
            8,
            9
         ]
      ],
      "IsOptimal": "true"
   }
}