{
   "1": {
      "Time": 0.09828615188598633,
      "Distance": 383,
      "Solution": [
         [
            10,
            1,
            2,
            4,
            3,
            6,
            5,
            7,
            8,
            9
         ]
      ],
      "IsOptimal": "true"
   },
   "2": {
      "Time": 0.20741677284240723,
      "Distance": 383,
      "Solution": [
         [
            10,
            1,
            2,
            4,
            3,
            6,
            5,
            7,
            8,
            9
         ]
      ],
      "IsOptimal": "true"
   },
   "3": {
      "Time": 0.1918020248413086,
      "Distance": 383,
      "Solution": [
         [
            10,
            1,
            2,
            4,
            3,
            6,
            5,
            7,
            8,
            9
         ]
      ],
      "IsOptimal": "true"
   },
   "4": {
      "Time": 0.11763453483581543,
      "Distance": 383,
      "Solution": [
         [
            1,
            10,
            2,
            4,
            3,
            6,
            5,
            7,
            8,
            9
         ]
      ],
      "IsOptimal": "true"
   }
}