{
   "1": {
      "Time": 0.013568639755249023,
      "Distance": 248,
      "Solution": [
         [
            1
         ],
         [
            2,
            3
         ]
      ],
      "IsOptimal": "true"
   },
   "2": {
      "Time": 0.013836383819580078,
      "Distance": 248,
      "Solution": [
         [
            2,
            3
         ],
         [
            1
         ]
      ],
      "IsOptimal": "true"
   },
   "3": {
      "Time": 0.01534414291381836,
      "Distance": 248,
      "Solution": [
         [
            2,
            3
         ],
         [
            1
         ]
      ],
      "IsOptimal": "true"
   },
   "4": {
      "Time": 0.01993250846862793,
      "Distance": 248,
      "Solution": [
         [
            2,
            3
         ],
         [
            1
         ]
      ],
      "IsOptimal": "true"
   }
}