{
   "1": {
      "Time": 0.01410222053527832,
      "Distance": 248,
      "Solution": [
         [
            0,
            1
         ],
         [
            0,
            2,
            3
         ]
      ],
      "IsOptimal": "true"
   },
   "2": {
      "Time": 0.009203433990478516,
      "Distance": 248,
      "Solution": [
         [
            0,
            2,
            3
         ],
         [
            0,
            1
         ]
      ],
      "IsOptimal": "true"
   },
   "3": {
      "Time": 0.011389017105102539,
      "Distance": 248,
      "Solution": [
         [
            0,
            2,
            3
         ],
         [
            0,
            1
         ]
      ],
      "IsOptimal": "true"
   },
   "4": {
      "Time": 0.01123046875,
      "Distance": 248,
      "Solution": [
         [
            0,
            2,
            3
         ],
         [
            0,
            1
         ]
      ],
      "IsOptimal": "true"
   }
}