{
   "1": {
      "Time": 0.09917259216308594,
      "Distance": 267,
      "Solution": [
         [
            3,
            1,
            6,
            2,
            5,
            4,
            7,
            8
         ]
      ],
      "IsOptimal": "true"
   },
   "2": {
      "Time": 0.08627533912658691,
      "Distance": 267,
      "Solution": [
         [
            3,
            1,
            6,
            2,
            5,
            4,
            7,
            8
         ]
      ],
      "IsOptimal": "true"
   },
   "3": {
      "Time": 0.19559741020202637,
      "Distance": 267,
      "Solution": [
         [
            3,
            1,
            6,
            2,
            5,
            4,
            7,
            8
         ]
      ],
      "IsOptimal": "true"
   },
   "4": {
      "Time": 0.25403356552124023,
      "Distance": 267,
      "Solution": [
         [
            3,
            1,
            6,
            2,
            5,
            4,
            7,
            8
         ]
      ],
      "IsOptimal": "true"
   }
}