{
   "1": {
      "Time": 0.04449009895324707,
      "Distance": 267,
      "Solution": [
         [
            0,
            3,
            1,
            6,
            2,
            5,
            4,
            7,
            8
         ]
      ],
      "IsOptimal": "true"
   },
   "2": {
      "Time": 0.04108572006225586,
      "Distance": 267,
      "Solution": [
         [
            0,
            3,
            1,
            6,
            2,
            5,
            4,
            7,
            8
         ]
      ],
      "IsOptimal": "true"
   },
   "3": {
      "Time": 0.04170060157775879,
      "Distance": 267,
      "Solution": [
         [
            0,
            3,
            1,
            6,
            2,
            5,
            4,
            7,
            8
         ]
      ],
      "IsOptimal": "true"
   },
   "4": {
      "Time": 0.0458226203918457,
      "Distance": 267,
      "Solution": [
         [
            0,
            3,
            1,
            6,
            2,
            5,
            4,
            7,
            8
         ]
      ],
      "IsOptimal": "true"
   }
}